{"cameraMode":{"drawMode":0,"name":"Shaded","section":"Shading Mode"},"sceneLighting":false,"audioPlay":false,"sceneViewState":{"m_AlwaysRefresh":false,"showFog":true,"showSkybox":false,"showFlares":true,"showImageEffects":true,"showParticleSystems":true,"showVisualEffectGraphs":true,"m_FxEnabled":true},"in2DMode":false,"pivot":{"x":-0.7874736785888672,"y":0.14522933959960938,"z":2.4931373596191408},"rotation":{"x":-0.16711708903312684,"y":0.7516403794288635,"z":-0.2082732617855072,"w":-0.6031107306480408},"size":0.8660253882408142,"orthographic":false}